{
    "focal_length": [607.0215454101562, 606.7637939453125],
    "principal_point": [324.8522644042969, 243.8221893310547],
    "image_width": 640,
    "image_height": 480,
    "render_width": 320,
    "render_height": 240,
    "mujoco_camera": "real_sense",
    "features": [
        [241, 149],
        [426, 152],
        [426, 340],
        [233, 336]
    ]
}
